url,label
https://www.tap3224ihu.cc/,1
https://t.co/9Narx1vhDw,1
https://sap1476nj0.cc/,1
http://www.3xuv.tap3680b9a.cc/,1
http://www.tap36713zq.cc/,1
http://www.zimbra-nine.vercel.app/,1
http://www.nzdzdnccswdd.weebly.com/,1
https://cloud-16-pxmvzr-8714-data-hub-04.geodomesystem.com/,1
https://tap3426urg.cc/,1
https://www.tap3426urg.cc/,1
https://www.user-area.com/sc/index.html,1
https://tap3409jn8.cc/,1
http://notificacion-act.webcindario.com/,1
http://subscrihot365alert.netlify.app/,1
http://pub-a7ce6bcba516446fbad555733139e16b.r2.dev/cc.html,1
http://merry-marigold-62c75c.netlify.app/,1
http://prema0207.github.io/ui,1
http://casefb862024-nkhb.vercel.app/,1
http://bekasyldidarovich-cloud.github.io/instagram,1
http://christian93111.github.io/facebook-clone,1
http://bafybeicazv54eegjtznlxxjstbdsbppbdttjchaxv65iy5bhlaepowrtki.ipfs.dweb.link/,1
https://lenonfelipe.github.io/Clone-Netflix-UI,1
https://arabuluculukegm.org/,1
https://shopify-servicese.com/,1
https://mohitthakre13.github.io/clone-Netf,1
https://paukake.org-sys.asia/en,1
https://tap3594uu0.cc/,1
http://powibnwqd.com/,1
https://eeesser1.cloudaccess.host/wp-admin/ese/correoss/SS/corr/corr.php/,1
http://business-for-synergy-support-center.pages.dev/,1
http://trezorbridge--manag-help.pages.dev/,1
https://yncits85.com/,1
https://support-ledgrcom-helpsus.pages.dev/,1
http://www.56375.weebly.com/,1
https://uniswap-interface-uniswap.vercel.app/,1
http://www.uniswap-interface-uniswap.vercel.app/,1
https://www.kkinstagram.com/reel/DMGQcy0ImZr/,1
https://fli.so/aVOqBI,1
https://www.uaid.tap39401h7.cc/,1
https://uaid.tap39401h7.cc/,1
https://tadawimed.net/wp-admin/css/tmp/vmo.html,1
http://xenpcparicha.braincert.com/l/alpahenf,1
http://verify-your-page-here-now.netlify.app/,1
https://pag-home.shop/,1
http://netflix-clone10.vercel.app/,1
http://office365supportteam-5f038a.webflow.io/,1
https://www.kkinstagram.com/reel/DPJuec6iFQU/?igsh=MW5qbzBmZzdqNWE3OQ==,1
http://meta-for-business-standard-customer-standard.pages.dev/,1
http://meta-vertexx.pages.dev/,1
http://meta-securex.pages.dev/,1
http://meta-dronix-feedback-record-cle.pages.dev/,1
http://meta-selven-tracking-path-3ii.pages.dev/,1
http://mj-api.kun-ai.com/safety-library,1
http://curious-bunny-b156dc.netlify.app/,1
http://internal-branvith-meta-harlonix-archive.pages.dev/,1
http://internal-fenthrix-meta-quorven-archive.pages.dev/,1
http://internal-dravon-meta-solution-dossier.pages.dev/,1
http://facebook-alerts.blogspot.fr/,1
http://sh-cp1-mx.yyz2.servername.online/~estev145/bana/tiket/49587576/nkl-log.php?JHNKLSMNKNXIWK&amp,1
http://advertiser-business-network-security-impersonation.pages.dev/,1
http://www.openselimited-grab.vercel.app/,1
http://www.amazon-clone-snowy-seven.vercel.app/,1
http://wetransfer-ghgertrtwetetew55757568685756.pages.dev/sosalt?89098=*@,1
http://ldpx-casefb828144.vercel.app/,1
http://krzo-bmmanager962662.vercel.app/,1
http://m365cloud-pdf17-916669-to1ys9.gfpeq2p0sa.workers.dev/?s=,1
http://instagram-one-gilt.vercel.app/,1
http://mockup-instagram-dio.vercel.app/,1
http://tinyurl.com/2r3rx244,1
http://new-purchase-order.vercel.app/,1
http://netflix-clone-tan-gamma.vercel.app/,1
http://nurbaqytoralbai-dev.github.io/insta,1
http://meta-object-1c3.pages.dev/form_submit,1
http://meta-impactx.pages.dev/form_submit,1
http://meta-work.pages.dev/form_submit,1
http://meta-growx.pages.dev/meta_for_business,1
http://meta-next-1bm.pages.dev/meta_for_business,1
http://meta-offline.pages.dev/meta_for_business,1
http://meta-quest-c29.pages.dev/meta_for_business,1
http://meta-scope-6bj.pages.dev/meta_for_business,1
http://meta-pulsar.pages.dev/form_submit,1
http://meta-lantern.pages.dev/form_submit,1
http://meta-rotatex-3gl.pages.dev/form_submit,1
http://meta-datax.pages.dev/form_submit,1
http://meta-machine-a8u.pages.dev/form_submit,1
http://meta-nation.pages.dev/form_submit,1
http://meta-quantax.pages.dev/form_submit,1
http://meta-field-e2a.pages.dev/meta_for_business,1
http://meta-device-2pk.pages.dev/meta_for_business,1
http://meta-level.pages.dev/meta_for_business,1
http://meta-adapter.pages.dev/meta_for_business,1
http://meta-nest.pages.dev/meta_for_business,1
http://public-xi-lemon.vercel.app/,1
http://meta-animate.pages.dev/form_submit,1
http://meta-decode.pages.dev/meta_for_business,1
http://queriover.vercel.app/,1
http://d05a0daf.qpowsxn.pages.dev/xnyp/order?email=*@,1
http://izumx.github.io/instagram,1
http://komekseidibai-beep.github.io/insta,1
http://lum22-8cfp.vercel.app/,1
http://harpreetsi02.github.io/netflix-login-page,1
http://humm-jw6u.vercel.app/,1
http://instagrampage.vercel.app/,1
http://instagram-front.vercel.app/,1
http://facebook-clone-blush-alpha.vercel.app/,1
http://dosecelitel.dnsalias.net/,1
http://casefb326042-9sk0.vercel.app/,1
http://festinal.dnsalias.net/notp/ji/net/index.php,1
http://casefb014143-b3kd.vercel.app/,1
http://apply-blue-tick-verified-badge-free-two.vercel.app/,1
http://alinapshn.github.io/amazon-project,1
http://accountcenter-infodex-fds2709vc.netlify.app/,1
https://zimbra-nine.vercel.app/,1
https://cryptocomloigin.webflow.io/,1
https://citylight.cc/owa/mail/ssologin.php/,1
http://citylight.cc/owa/mail/ssologin.php,1
http://interna-service.codeberg.page/outpost.submission,1
https://www.xn--b1asibp.online/documents/ekociami.html,1
http://b101n.xyz/,1
https://www.bet365q.sbs/,1
http://motoresrc.com/zbkwdtf/ib1numg/mkui1pb/cc/index.html,1
https://e449tgem6w4g5b7iig98.xn--macnca-el8b.net/auth.html,1
https://adhamhishamm1.github.io/website/,1
https://carousell.bokart.shop/login/242CX017EY592G6299454/,1
https://staencommunity.com/tradofferr/new/partner=86339557,1
https://s3.us-east-2.amazonaws.com/helpdesk.web.384989039849403933/Outlook.html?EMAIL=3mail@a.b.c0,1
https://banque-online.com/?r=c6e79c20-9320-4572-a933-3ed226513bac&rg=eu,1
https://bet73064.com/,1
https://bet73088.com/,1
http://bet73077.com/,1
https://bet73041.com/,1
https://b45033.com/fish/173,1
https://att-itemmanager.archway.com/,1
https://tap2781yqf.cc/,1
http://accounts.bmwweb.biz/,1
https://bet73083.com/,1
https://hiro321-cmyk.github.io/Clone-amazon/,1
https://abdul-aual.github.io/Instagram/,1
http://hoihuongdanvien.vn/xit01.html,1
https://wpfdev.de/vamos/insr/,1
https://revelogeek.com/vamos/insr/,1
https://bet73057.com/about/cookies,1
https://carnetalimentos-online.info/,1
https://steamcommunitty.cc/activation=Dor5Fhnm2w,1
http://www.tap2833d58.cc/,1
https://caixageral-queixa.com/,1
https://ipfs.io/ipfs/bafkreidafuolswmj7zgi6xkprnzkgmacdfepmoyidsepctbz77kwsvp2uq,1
https://ipfs.io/ipfs/bafkreic6r3jyhu6mqlblq3qfw7ixtp7bfv6xuutzdlhemflnjab625kdb4,1
https://ipfs.io/ipfs/bafkreicns3b6nrxnyyezgmite2jmpxngabipxpaw6q7uvdajhaafcjlcfu,1
https://casescs1006a9kpoztrgr1268b-hiep29cv-sernherh44.vercel.app/case/1005A2PI2STRGR92OC.html,1
http://www.tap271292n.cc/,1
https://case1005avrt1tj5vb6fvy95-cxzbvdfgbred-hieu2909.vercel.app/case/1005AVRT1TJ5VB6FVY95.html,1
https://www.metropoldergileri.com/wp-content/sf-express-RD1238-chinese/index.html,1
https://supportonline24.com/9c40e50c-17de-4c51-8565-30833fdf3014/a/a99bacc9-12c9-4a61-b8df-bd67d8e78118/ccp?lid=03782f41-0708-4a6d-abe7-892b6b709065&lang=en-gb/,1
https://telstraaaaaccountttformm.weebly.com/,1
https://sp88097.sitebeat.crazydomains.com/,1
https://nzdzdnccswdd.weebly.com/,1
https://b35ppp.com/fish/61,1
https://bridge-trezor-help-guide.pages.dev/,1
https://bet63fff.com/egame/89,1
https://uphoildlogn.godaddysites.com/,1
https://login-app-web.bubbleapps.io/version-test/nomor_hp_,1
https://us-live-ledger-auth.pages.dev/,1
https://uni-muenster.shardocs.com/800-441-7762/voicemail/ssoauth.php,1
https://eeesser1.cloudaccess.host/wp-admin/ese/correoss/SS/corr/corr.php,1
https://uophuldlhuognus.godaddysites.com/,1
https://bet73091.com/fish/136,1
https://bet73039.com/fish/61,1
https://agenciamd3.com.br/wp-admin/maint/maint/index.html?7b764b57-458b-4f79-bbe3-60271b27e4da%5C=3mail@a.b.c0,1
https://www.andreyspektor.com/net/,1
https://codewithajith.github.io/netflixclone/,1
https://bet83079.com/,1
https://keensalmon.org/en-ca/commerce/where-to-shop,1
https://sixis-official.github.io/instagram/index.html,1
https://samim29.github.io/Amazon-HomePage-Clone/,1
https://pub-c498eb31b5d846b1bd6aa9a794d815e7.r2.dev/index.html?706a3d15fd906d589429af314dde18,1
https://harshpratap2510.github.io/Netflix-UI-Clone/,1
https://anni-2000.github.io/hellowold/,1
https://africangulf.ly/account.google.com/login.html,1
https://ssl.healthcarepatientportal.com/s/63BZGFSVBWSFCDX7Y9/584dd8/90eab167-7429-489f-99f6-ce86e8d0d81a,1
https://avis-de-paiement-1e6894.webflow.io/,1
https://56375.weebly.com/,1
https://trackinguspss.github.io/usps/,1
https://grauddoikalaga.vercel.app/hiaioezmwcxabxga.html/bwurhuzvzgajtx.html,1
https://paloaltogt.com/.ti/main/files/css/dss/sf_marley/sf_marley/?email=3mail@a.b.c0,1
https://d3691308f2a4c2f6983f2880d32e29c84.everest-hcg.com/mt/confirm.php,1
https://poojaryrishab2006-coder.github.io/Amazon/,1
https://m-hassanjavaid.github.io/Coinbase-Web-clone/,1
https://airbnb-demo-jade.vercel.app/,1
https://aman-raj-bat.github.io/Netflix_Clone/index.html,1
https://harish-1-bit.github.io/netflixclone/,1
https://yesap4.github.io/Netflix_Clone_/,1
https://ipfs.io/ipfs/bafkreihr2v5u3ue4yj72dqyn6olvf2vb75zssxtxvj554cds62uu6rgese,1
https://whats-ta.vip/,1
https://whats-id.vip/,1
https://whats-ig.vip/,1
https://whats-dq.vip/,1
https://whats-gf.vip/,1
https://whats-fn.vip/,1
https://whats-fd.vip/,1
https://whats-cr.vip/,1
https://whats-fp.vip/,1
https://b35ppp.com/fish/136,1
https://b35ppp.com/fish/29,1
https://whats-hz.vip/,1
https://whats-jc.vip/,1
https://b35ppp.com/fish/173,1
https://whats-cj.vip/,1
https://whats-ch.vip/,1
https://whats-kd.vip/,1
https://whats-jq.vip/,1
https://whats-je.vip/,1
https://whats-yv.vip/,1
https://whats-xr.vip/,1
https://whats-kf.vip/,1
https://b35ppp.com/poker/225,1
https://bet73022.com/egame/214,1
https://pari1011.github.io/amazon-clone,1
https://steamcommunnitty.cc/trade00ffers/new/partners=28439583pg5&token=TPqsr5791,1
https://b35ppp.com/fish/104,1
https://amashriaz1103.github.io/FaceBook-Login/,1
https://whats-cu.vip/,1
https://guide-trezur-io-auth.pages.dev/,1
https://animated-fishstick-six.vercel.app/,1
https://seal-app-2-9i8ac.ondigitalocean.app/webC0deinfojphtml/?bcda=(050)-5050-5988,1
https://yverma7199.github.io/Netfilx-clone/,1
https://coinbase-wallet-pc.typedream.app/,1
https://sicher-und-entspannt.up.railway.app/,1
https://shameema3806.github.io/netflixclone.github.io/,1
https://pub-4f9d90fc7af3453b8b1d803589a070ff.r2.dev/index.html,1
https://codingwithabhay.github.io/Amazon-Clone/,1
https://center-reassurance-adminpage.pages.dev/help/contact/394209249896904,1
https://www.tap3855gb1.cc/,1
https://hughssherika896572396.pages.dev/help/contact/5304181757019472606:4700:310c::ac4,1
https://beulad435-8316maraes.pages.dev/help/contact/75161526689854/,1
https://login.xn--micrsoft-q4a.com/,1
https://dassramesh.github.io/TASK6/,1
http://www.amazonclone-wheat.vercel.app/,1
https://cz-o2.cz:8443/?bkey=fMt66AM,1
http://kdodtk.nbyxr.xyz/?NvViV,1
https://login-myemail-account.weeblysite.com/,1
http://fifybg.zxwtu.xyz/?ugUnk,1
http://bigjvz.mdran.xyz/?KdJXK,1
https://ma-icloud.com.tr/?i=LVEHm,1
http://tdwinternationalngo.online/make-payment/donate.php,1
https://goprox.cc/go/y28413a4/03a4/?rdr=1,1
http://www.bu89778u.com/,1
https://likedinmastmwndfhztcxnziyzf-sqa3h.kinsta.page/?am9obkBkb2UuY29t,1
https://www.mysssccch1.cfd/,1
https://www.maskduyj.xyz/,1
http://upholdd-en-web.square.site/,1
http://www.xhfyrhhk.xyz/,1
http://www.pancakeswap-finanse.com/,1
https://www.hilbrest.top/,1
https://www.kkinstagram.com/reel/DMlbDsENO7k/,1
https://tem7525-teamsr38782821-meeting368.scanlonchiro.com/,1
http://www.dapprectificationsprotocol.vercel.app/,1
https://www.it-supportdesk.com/signin?t=eyJhbGciOiJIUzI1NiJ9.eyJ0cmFja2luZ190b2tlbiI6IjcxNzBjOGZjLTUwZTMtNGU1Ny04MDRhLTQzYTQ1YmViYTY4YSIsImNlbGwiOiJodHRwczovL3FnYmZ3b3c2MGYuZXhlY3V0ZS1hcGkudXMtd2VzdC0yLmFtYXpvbmF3cy5jb20vcHJvZC9hcGkvcGhpc2hpbmdjYW1wYWlnbiIsImNhbXBhaWduX3Rva2VuIjoiYmU1MTYwYzEtMTYzNS00YjY3LWFkZmQtY2M4OGMxOGIxMzg3IiwidGVzdF90b2tlbiI6ZmFsc2UsImV4dGVybmFsX3RyYWluaW5nIjpmYWxzZSwiZGlyZWN0X2RlbGl2ZXJ5Ijp0cnVlLCJpYXQiOjE3NTg5MTQ4MDgsImlzcyI6Imh0dHBzOi8vYXBwLnBoaXNodGhyZWF0LmNvbSIsImV4cCI6MTc2NjY5MDgwOH0.dnyq_RLSdL5qMwxJsJLLD7UAVri1B4un2ZwBURbE1QE,1
http://www.3guq.sap29233fk.cc/,1
https://xibloxreborn.serv00.net/,1
https://www.kkinstagram.com/reel/DPL5sHAjkFf/,1
https://mohammadyeamin22.github.io/Facebook/,1
https://kiran-f.github.io/easybanking/,1
https://asyaka.click/,1
https://caixageral-queixa.com/login.php,1
https://sk-rahis.github.io/netclone/,1
https://interna-service.codeberg.page/outpost.submission/,1
https://ayushvarshney-6.github.io/Netflix_Clone/,1
https://asterdexai-1gd.pages.dev/wallet,1
https://asterdexapi.pages.dev/wallet,1
https://dobizelproxy.duckdns.org/,1
http://www.amazon-clone-ten-pied-30.vercel.app/,1
http://uqsbopqqjk.duckdns.org/de/main,1
https://www.olivedrab-starling-541240.hostingersite.com/,1
http://santander.learn-on-demand.co.uk/,1
https://lad35.top/,1
https://sap1485oym.cc/,1
https://sap1487zko.cc/,1
https://www.sap1795jgc.cc/,1
https://sap1795jgc.cc/,1
https://tap3153de0.cc/,1
https://www.tap3153de0.cc/,1
http://www.sap1690dav.cc/,1
https://sap1619hfz.cc/,1
https://steamcommunitiy.cc/activation=Dor5Fhnm2w,1
https://sap1704g07.cc/,1
https://www.tap3182jpm.cc/,1
https://tap3820d5i.cc/,1
http://www.equ1ipo-msn1-out1tlook4.weebly.com/,1
https://equ1ipo-msn1-out1tlook4.weebly.com/,1
https://internal-holnix-meta-spralin-archive.pages.dev/welcome_to_meta_for_business,1
https://heosayuu.lima.zone/xz/c/index2.html,1
https://3lse.sap2235ia0.cc/,1
https://tap3435fvx.cc/,1
https://raffuttennoda.vercel.app/hiaioezmwcxabxga.html/bwurhuzvzgajtx.html,1
https://coinbase.sendsafely.com/dropzone/cx-files24651638,1
https://lad34.top/,1
http://vcv-774.pages.dev/,1
https://paula-buitrago.github.io/iinstagram/,1
https://45-33-64-241.ip.linodeusercontent.com/info/login.php,1
http://google.com,0
http://microsoft.com,0
http://openai.com,0
http://wikipedia.org,0
http://github.com,0
http://amazon.com,0
http://apple.com,0
http://bbc.com,0
http://nytimes.com,0
http://stackoverflow.com,0
http://linkedin.com,0
http://reddit.com,0
http://mozilla.org,0
http://python.org,0
http://example.org,0
http://edu-sample-university.edu,0
http://trusted-bank.example,0
http://weather.example,0
http://cnn.com,0
http://nhs.uk,0
